customer_id,plan_id,plan_name,payment_date,amount,payment_order
1,1,"basic monthly",2020-08-08,9.90,1
1,1,"basic monthly",2020-09-08,9.90,2
1,1,"basic monthly",2020-10-08,9.90,3
1,1,"basic monthly",2020-11-08,9.90,4
1,1,"basic monthly",2020-12-08,9.90,5
2,3,"pro annual",2020-09-27,199.00,1
3,1,"basic monthly",2020-01-20,9.90,1
3,1,"basic monthly",2020-02-20,9.90,2
3,1,"basic monthly",2020-03-20,9.90,3
3,1,"basic monthly",2020-04-20,9.90,4
3,1,"basic monthly",2020-05-20,9.90,5
3,1,"basic monthly",2020-06-20,9.90,6
3,1,"basic monthly",2020-07-20,9.90,7
3,1,"basic monthly",2020-08-20,9.90,8
3,1,"basic monthly",2020-09-20,9.90,9
3,1,"basic monthly",2020-10-20,9.90,10
3,1,"basic monthly",2020-11-20,9.90,11
3,1,"basic monthly",2020-12-20,9.90,12
4,1,"basic monthly",2020-01-24,9.90,1
4,1,"basic monthly",2020-02-24,9.90,2
4,1,"basic monthly",2020-03-24,9.90,3
4,1,"basic monthly",2020-04-24,9.90,4
4,1,"basic monthly",2020-05-24,9.90,5
4,1,"basic monthly",2020-06-24,9.90,6
4,1,"basic monthly",2020-07-24,9.90,7
4,1,"basic monthly",2020-08-24,9.90,8
4,1,"basic monthly",2020-09-24,9.90,9
4,1,"basic monthly",2020-10-24,9.90,10
4,1,"basic monthly",2020-11-24,9.90,11
4,1,"basic monthly",2020-12-24,9.90,12
5,1,"basic monthly",2020-08-10,9.90,1
5,1,"basic monthly",2020-09-10,9.90,2
5,1,"basic monthly",2020-10-10,9.90,3
5,1,"basic monthly",2020-11-10,9.90,4
5,1,"basic monthly",2020-12-10,9.90,5
6,1,"basic monthly",2020-12-30,9.90,1
7,1,"basic monthly",2020-02-12,9.90,1
7,1,"basic monthly",2020-03-12,9.90,2
7,1,"basic monthly",2020-04-12,9.90,3
7,1,"basic monthly",2020-05-12,9.90,4
7,2,"pro monthly",2020-05-22,10.00,5
7,2,"pro monthly",2020-06-22,19.90,6
7,2,"pro monthly",2020-07-22,19.90,7
7,2,"pro monthly",2020-08-22,19.90,8
7,2,"pro monthly",2020-09-22,19.90,9
7,2,"pro monthly",2020-10-22,19.90,10
7,2,"pro monthly",2020-11-22,19.90,11
7,2,"pro monthly",2020-12-22,19.90,12
8,1,"basic monthly",2020-06-18,9.90,1
8,1,"basic monthly",2020-07-18,9.90,2
8,2,"pro monthly",2020-08-03,10.00,3
8,2,"pro monthly",2020-09-03,19.90,4
8,2,"pro monthly",2020-10-03,19.90,5
8,2,"pro monthly",2020-11-03,19.90,6
8,2,"pro monthly",2020-12-03,19.90,7
9,3,"pro annual",2020-12-14,199.00,1
10,2,"pro monthly",2020-09-26,19.90,1
10,2,"pro monthly",2020-10-26,19.90,2
10,2,"pro monthly",2020-11-26,19.90,3
10,2,"pro monthly",2020-12-26,19.90,4
12,1,"basic monthly",2020-09-29,9.90,1
12,1,"basic monthly",2020-10-29,9.90,2
12,1,"basic monthly",2020-11-29,9.90,3
12,1,"basic monthly",2020-12-29,9.90,4
13,1,"basic monthly",2020-12-22,9.90,1
14,1,"basic monthly",2020-09-29,9.90,1
14,1,"basic monthly",2020-10-29,9.90,2
14,1,"basic monthly",2020-11-29,9.90,3
14,1,"basic monthly",2020-12-29,9.90,4
15,2,"pro monthly",2020-03-24,19.90,1
15,2,"pro monthly",2020-04-24,19.90,2
15,2,"pro monthly",2020-05-24,19.90,3
15,2,"pro monthly",2020-06-24,19.90,4
15,2,"pro monthly",2020-07-24,19.90,5
15,2,"pro monthly",2020-08-24,19.90,6
15,2,"pro monthly",2020-09-24,19.90,7
15,2,"pro monthly",2020-10-24,19.90,8
15,2,"pro monthly",2020-11-24,19.90,9
15,2,"pro monthly",2020-12-24,19.90,10
16,1,"basic monthly",2020-06-07,9.90,1
16,1,"basic monthly",2020-07-07,9.90,2
16,1,"basic monthly",2020-08-07,9.90,3
16,1,"basic monthly",2020-09-07,9.90,4
16,1,"basic monthly",2020-10-07,9.90,5
16,3,"pro annual",2020-10-21,189.10,6
17,1,"basic monthly",2020-08-03,9.90,1
17,1,"basic monthly",2020-09-03,9.90,2
17,1,"basic monthly",2020-10-03,9.90,3
17,1,"basic monthly",2020-11-03,9.90,4
17,1,"basic monthly",2020-12-03,9.90,5
17,3,"pro annual",2020-12-11,189.10,6
18,2,"pro monthly",2020-07-13,19.90,1
18,2,"pro monthly",2020-08-13,19.90,2
18,2,"pro monthly",2020-09-13,19.90,3
18,2,"pro monthly",2020-10-13,19.90,4
18,2,"pro monthly",2020-11-13,19.90,5
18,2,"pro monthly",2020-12-13,19.90,6
19,2,"pro monthly",2020-06-29,19.90,1
19,2,"pro monthly",2020-07-29,19.90,2
19,3,"pro annual",2020-08-29,199.00,3
20,1,"basic monthly",2020-04-15,9.90,1
20,1,"basic monthly",2020-05-15,9.90,2
20,3,"pro annual",2020-06-05,189.10,3
21,1,"basic monthly",2020-02-11,9.90,1
21,1,"basic monthly",2020-03-11,9.90,2
21,1,"basic monthly",2020-04-11,9.90,3
21,1,"basic monthly",2020-05-11,9.90,4
21,2,"pro monthly",2020-06-03,10.00,5
21,2,"pro monthly",2020-07-03,19.90,6
21,2,"pro monthly",2020-08-03,19.90,7
21,2,"pro monthly",2020-09-03,19.90,8
21,2,"pro monthly",2020-10-03,19.90,9
21,2,"pro monthly",2020-11-03,19.90,10
21,2,"pro monthly",2020-12-03,19.90,11
22,2,"pro monthly",2020-01-17,19.90,1
22,2,"pro monthly",2020-02-17,19.90,2
22,2,"pro monthly",2020-03-17,19.90,3
22,2,"pro monthly",2020-04-17,19.90,4
22,2,"pro monthly",2020-05-17,19.90,5
22,2,"pro monthly",2020-06-17,19.90,6
22,2,"pro monthly",2020-07-17,19.90,7
22,2,"pro monthly",2020-08-17,19.90,8
22,2,"pro monthly",2020-09-17,19.90,9
22,2,"pro monthly",2020-10-17,19.90,10
22,2,"pro monthly",2020-11-17,19.90,11
22,2,"pro monthly",2020-12-17,19.90,12
23,3,"pro annual",2020-05-20,199.00,1
24,2,"pro monthly",2020-11-17,19.90,1
24,2,"pro monthly",2020-12-17,19.90,2
25,1,"basic monthly",2020-05-17,9.90,1
25,2,"pro monthly",2020-06-16,10.00,2
25,2,"pro monthly",2020-07-16,19.90,3
25,2,"pro monthly",2020-08-16,19.90,4
25,2,"pro monthly",2020-09-16,19.90,5
25,2,"pro monthly",2020-10-16,19.90,6
25,2,"pro monthly",2020-11-16,19.90,7
25,2,"pro monthly",2020-12-16,19.90,8
26,2,"pro monthly",2020-12-15,19.90,1
27,2,"pro monthly",2020-08-31,19.90,1
27,2,"pro monthly",2020-09-30,19.90,2
27,2,"pro monthly",2020-10-30,19.90,3
27,2,"pro monthly",2020-11-30,19.90,4
27,2,"pro monthly",2020-12-30,19.90,5
28,3,"pro annual",2020-07-07,199.00,1
29,2,"pro monthly",2020-01-30,19.90,1
29,2,"pro monthly",2020-02-29,19.90,2
29,2,"pro monthly",2020-03-29,19.90,3
29,2,"pro monthly",2020-04-29,19.90,4
29,2,"pro monthly",2020-05-29,19.90,5
29,2,"pro monthly",2020-06-29,19.90,6
29,2,"pro monthly",2020-07-29,19.90,7
29,2,"pro monthly",2020-08-29,19.90,8
29,2,"pro monthly",2020-09-29,19.90,9
29,2,"pro monthly",2020-10-29,19.90,10
29,2,"pro monthly",2020-11-29,19.90,11
29,2,"pro monthly",2020-12-29,19.90,12
30,1,"basic monthly",2020-05-06,9.90,1
30,1,"basic monthly",2020-06-06,9.90,2
30,1,"basic monthly",2020-07-06,9.90,3
30,1,"basic monthly",2020-08-06,9.90,4
30,1,"basic monthly",2020-09-06,9.90,5
30,1,"basic monthly",2020-10-06,9.90,6
30,1,"basic monthly",2020-11-06,9.90,7
30,1,"basic monthly",2020-12-06,9.90,8
31,2,"pro monthly",2020-06-29,19.90,1
31,2,"pro monthly",2020-07-29,19.90,2
31,2,"pro monthly",2020-08-29,19.90,3
31,2,"pro monthly",2020-09-29,19.90,4
31,2,"pro monthly",2020-10-29,19.90,5
31,3,"pro annual",2020-11-29,199.00,6
32,1,"basic monthly",2020-06-19,9.90,1
32,2,"pro monthly",2020-07-18,10.00,2
32,2,"pro monthly",2020-08-18,19.90,3
32,2,"pro monthly",2020-09-18,19.90,4
32,2,"pro monthly",2020-10-18,19.90,5
32,2,"pro monthly",2020-11-18,19.90,6
32,2,"pro monthly",2020-12-18,19.90,7
33,2,"pro monthly",2020-09-10,19.90,1
33,2,"pro monthly",2020-10-10,19.90,2
33,2,"pro monthly",2020-11-10,19.90,3
33,2,"pro monthly",2020-12-10,19.90,4
34,1,"basic monthly",2020-12-27,9.90,1
35,2,"pro monthly",2020-09-10,19.90,1
35,2,"pro monthly",2020-10-10,19.90,2
35,2,"pro monthly",2020-11-10,19.90,3
35,2,"pro monthly",2020-12-10,19.90,4
36,2,"pro monthly",2020-03-03,19.90,1
36,2,"pro monthly",2020-04-03,19.90,2
36,2,"pro monthly",2020-05-03,19.90,3
36,2,"pro monthly",2020-06-03,19.90,4
36,2,"pro monthly",2020-07-03,19.90,5
36,2,"pro monthly",2020-08-03,19.90,6
36,2,"pro monthly",2020-09-03,19.90,7
36,2,"pro monthly",2020-10-03,19.90,8
36,2,"pro monthly",2020-11-03,19.90,9
36,2,"pro monthly",2020-12-03,19.90,10
37,1,"basic monthly",2020-08-12,9.90,1
37,1,"basic monthly",2020-09-12,9.90,2
37,1,"basic monthly",2020-10-12,9.90,3
37,2,"pro monthly",2020-11-11,10.00,4
37,2,"pro monthly",2020-12-11,19.90,5
38,2,"pro monthly",2020-10-09,19.90,1
38,3,"pro annual",2020-11-09,199.00,2
39,1,"basic monthly",2020-06-04,9.90,1
39,1,"basic monthly",2020-07-04,9.90,2
39,1,"basic monthly",2020-08-04,9.90,3
39,2,"pro monthly",2020-08-25,10.00,4
39,2,"pro monthly",2020-09-25,19.90,5
39,2,"pro monthly",2020-10-25,19.90,6
39,2,"pro monthly",2020-11-25,19.90,7
39,2,"pro monthly",2020-12-25,19.90,8
40,1,"basic monthly",2020-01-29,9.90,1
40,1,"basic monthly",2020-02-29,9.90,2
40,2,"pro monthly",2020-03-25,10.00,3
40,2,"pro monthly",2020-04-25,19.90,4
40,2,"pro monthly",2020-05-25,19.90,5
40,2,"pro monthly",2020-06-25,19.90,6
40,2,"pro monthly",2020-07-25,19.90,7
40,2,"pro monthly",2020-08-25,19.90,8
40,2,"pro monthly",2020-09-25,19.90,9
40,2,"pro monthly",2020-10-25,19.90,10
40,2,"pro monthly",2020-11-25,19.90,11
40,2,"pro monthly",2020-12-25,19.90,12
41,2,"pro monthly",2020-05-23,19.90,1
41,2,"pro monthly",2020-06-23,19.90,2
41,2,"pro monthly",2020-07-23,19.90,3
41,2,"pro monthly",2020-08-23,19.90,4
41,2,"pro monthly",2020-09-23,19.90,5
41,2,"pro monthly",2020-10-23,19.90,6
41,2,"pro monthly",2020-11-23,19.90,7
41,2,"pro monthly",2020-12-23,19.90,8
42,1,"basic monthly",2020-11-03,9.90,1
42,1,"basic monthly",2020-12-03,9.90,2
43,1,"basic monthly",2020-08-20,9.90,1
43,1,"basic monthly",2020-09-20,9.90,2
43,1,"basic monthly",2020-10-20,9.90,3
43,1,"basic monthly",2020-11-20,9.90,4
43,2,"pro monthly",2020-12-18,10.00,5
44,3,"pro annual",2020-03-24,199.00,1
45,1,"basic monthly",2020-02-18,9.90,1
45,1,"basic monthly",2020-03-18,9.90,2
45,1,"basic monthly",2020-04-18,9.90,3
45,1,"basic monthly",2020-05-18,9.90,4
45,1,"basic monthly",2020-06-18,9.90,5
45,1,"basic monthly",2020-07-18,9.90,6
45,2,"pro monthly",2020-08-12,10.00,7
45,2,"pro monthly",2020-09-12,19.90,8
45,2,"pro monthly",2020-10-12,19.90,9
45,2,"pro monthly",2020-11-12,19.90,10
45,2,"pro monthly",2020-12-12,19.90,11
46,1,"basic monthly",2020-04-26,9.90,1
46,1,"basic monthly",2020-05-26,9.90,2
46,1,"basic monthly",2020-06-26,9.90,3
46,2,"pro monthly",2020-07-06,10.00,4
46,3,"pro annual",2020-08-06,199.00,5
47,1,"basic monthly",2020-06-13,9.90,1
47,1,"basic monthly",2020-07-13,9.90,2
47,1,"basic monthly",2020-08-13,9.90,3
47,1,"basic monthly",2020-09-13,9.90,4
47,1,"basic monthly",2020-10-13,9.90,5
47,3,"pro annual",2020-10-26,189.10,6
48,1,"basic monthly",2020-01-18,9.90,1
48,1,"basic monthly",2020-02-18,9.90,2
48,1,"basic monthly",2020-03-18,9.90,3
48,1,"basic monthly",2020-04-18,9.90,4
48,1,"basic monthly",2020-05-18,9.90,5
48,1,"basic monthly",2020-06-18,9.90,6
48,1,"basic monthly",2020-07-18,9.90,7
48,1,"basic monthly",2020-08-18,9.90,8
48,1,"basic monthly",2020-09-18,9.90,9
48,1,"basic monthly",2020-10-18,9.90,10
48,1,"basic monthly",2020-11-18,9.90,11
48,1,"basic monthly",2020-12-18,9.90,12
49,2,"pro monthly",2020-05-01,19.90,1
49,2,"pro monthly",2020-06-01,19.90,2
49,2,"pro monthly",2020-07-01,19.90,3
49,3,"pro annual",2020-08-01,199.00,4
50,2,"pro monthly",2020-07-28,19.90,1
50,2,"pro monthly",2020-08-28,19.90,2
50,2,"pro monthly",2020-09-28,19.90,3
50,2,"pro monthly",2020-10-28,19.90,4
50,2,"pro monthly",2020-11-28,19.90,5
50,2,"pro monthly",2020-12-28,19.90,6
51,1,"basic monthly",2020-01-26,9.90,1
51,1,"basic monthly",2020-02-26,9.90,2
51,3,"pro annual",2020-03-09,189.10,3
52,1,"basic monthly",2020-06-07,9.90,1
52,1,"basic monthly",2020-07-07,9.90,2
52,1,"basic monthly",2020-08-07,9.90,3
52,1,"basic monthly",2020-09-07,9.90,4
52,1,"basic monthly",2020-10-07,9.90,5
52,1,"basic monthly",2020-11-07,9.90,6
52,1,"basic monthly",2020-12-07,9.90,7
53,1,"basic monthly",2020-01-25,9.90,1
53,1,"basic monthly",2020-02-25,9.90,2
53,1,"basic monthly",2020-03-25,9.90,3
53,1,"basic monthly",2020-04-25,9.90,4
53,1,"basic monthly",2020-05-25,9.90,5
53,1,"basic monthly",2020-06-25,9.90,6
53,1,"basic monthly",2020-07-25,9.90,7
53,1,"basic monthly",2020-08-25,9.90,8
53,1,"basic monthly",2020-09-25,9.90,9
53,1,"basic monthly",2020-10-25,9.90,10
53,1,"basic monthly",2020-11-25,9.90,11
53,1,"basic monthly",2020-12-25,9.90,12
54,2,"pro monthly",2020-05-30,19.90,1
54,2,"pro monthly",2020-06-30,19.90,2
54,2,"pro monthly",2020-07-30,19.90,3
54,2,"pro monthly",2020-08-30,19.90,4
54,2,"pro monthly",2020-09-30,19.90,5
54,2,"pro monthly",2020-10-30,19.90,6
54,2,"pro monthly",2020-11-30,19.90,7
54,2,"pro monthly",2020-12-30,19.90,8
55,1,"basic monthly",2020-10-29,9.90,1
55,1,"basic monthly",2020-11-29,9.90,2
55,1,"basic monthly",2020-12-29,9.90,3
56,3,"pro annual",2020-01-10,199.00,1
57,2,"pro monthly",2020-03-10,19.90,1
57,2,"pro monthly",2020-04-10,19.90,2
57,2,"pro monthly",2020-05-10,19.90,3
57,2,"pro monthly",2020-06-10,19.90,4
57,2,"pro monthly",2020-07-10,19.90,5
57,2,"pro monthly",2020-08-10,19.90,6
57,2,"pro monthly",2020-09-10,19.90,7
57,2,"pro monthly",2020-10-10,19.90,8
57,2,"pro monthly",2020-11-10,19.90,9
57,2,"pro monthly",2020-12-10,19.90,10
58,1,"basic monthly",2020-07-11,9.90,1
58,1,"basic monthly",2020-08-11,9.90,2
58,1,"basic monthly",2020-09-11,9.90,3
58,3,"pro annual",2020-09-24,189.10,4
59,1,"basic monthly",2020-11-06,9.90,1
59,1,"basic monthly",2020-12-06,9.90,2
60,1,"basic monthly",2020-06-24,9.90,1
60,1,"basic monthly",2020-07-24,9.90,2
60,1,"basic monthly",2020-08-24,9.90,3
60,1,"basic monthly",2020-09-24,9.90,4
60,1,"basic monthly",2020-10-24,9.90,5
60,1,"basic monthly",2020-11-24,9.90,6
60,1,"basic monthly",2020-12-24,9.90,7
61,1,"basic monthly",2020-09-07,9.90,1
61,1,"basic monthly",2020-10-07,9.90,2
61,1,"basic monthly",2020-11-07,9.90,3
61,1,"basic monthly",2020-12-07,9.90,4
62,1,"basic monthly",2020-10-19,9.90,1
62,1,"basic monthly",2020-11-19,9.90,2
62,1,"basic monthly",2020-12-19,9.90,3
63,1,"basic monthly",2020-06-04,9.90,1
63,1,"basic monthly",2020-07-04,9.90,2
63,1,"basic monthly",2020-08-04,9.90,3
63,1,"basic monthly",2020-09-04,9.90,4
63,1,"basic monthly",2020-10-04,9.90,5
63,1,"basic monthly",2020-11-04,9.90,6
63,1,"basic monthly",2020-12-04,9.90,7
64,1,"basic monthly",2020-03-15,9.90,1
64,2,"pro monthly",2020-04-03,10.00,2
64,2,"pro monthly",2020-05-03,19.90,3
64,2,"pro monthly",2020-06-03,19.90,4
64,2,"pro monthly",2020-07-03,19.90,5
64,2,"pro monthly",2020-08-03,19.90,6
64,2,"pro monthly",2020-09-03,19.90,7
64,2,"pro monthly",2020-10-03,19.90,8
64,2,"pro monthly",2020-11-03,19.90,9
64,2,"pro monthly",2020-12-03,19.90,10
65,1,"basic monthly",2020-05-19,9.90,1
65,1,"basic monthly",2020-06-19,9.90,2
65,1,"basic monthly",2020-07-19,9.90,3
65,1,"basic monthly",2020-08-19,9.90,4
65,1,"basic monthly",2020-09-19,9.90,5
65,2,"pro monthly",2020-10-09,10.00,6
65,2,"pro monthly",2020-11-09,19.90,7
65,2,"pro monthly",2020-12-09,19.90,8
66,1,"basic monthly",2020-08-06,9.90,1
66,1,"basic monthly",2020-09-06,9.90,2
66,3,"pro annual",2020-10-04,189.10,3
67,2,"pro monthly",2020-08-21,19.90,1
67,2,"pro monthly",2020-09-21,19.90,2
67,2,"pro monthly",2020-10-21,19.90,3
67,2,"pro monthly",2020-11-21,19.90,4
67,2,"pro monthly",2020-12-21,19.90,5
68,3,"pro annual",2020-04-17,199.00,1
69,1,"basic monthly",2020-03-14,9.90,1
69,2,"pro monthly",2020-04-14,10.00,2
69,2,"pro monthly",2020-05-14,19.90,3
69,2,"pro monthly",2020-06-14,19.90,4
69,2,"pro monthly",2020-07-14,19.90,5
69,2,"pro monthly",2020-08-14,19.90,6
69,2,"pro monthly",2020-09-14,19.90,7
69,2,"pro monthly",2020-10-14,19.90,8
69,2,"pro monthly",2020-11-14,19.90,9
69,2,"pro monthly",2020-12-14,19.90,10
70,1,"basic monthly",2020-07-13,9.90,1
70,1,"basic monthly",2020-08-13,9.90,2
70,1,"basic monthly",2020-09-13,9.90,3
70,1,"basic monthly",2020-10-13,9.90,4
70,1,"basic monthly",2020-11-13,9.90,5
70,1,"basic monthly",2020-12-13,9.90,6
71,2,"pro monthly",2020-07-30,19.90,1
71,2,"pro monthly",2020-08-30,19.90,2
71,2,"pro monthly",2020-09-30,19.90,3
71,2,"pro monthly",2020-10-30,19.90,4
71,2,"pro monthly",2020-11-30,19.90,5
71,2,"pro monthly",2020-12-30,19.90,6
72,2,"pro monthly",2020-12-17,19.90,1
73,1,"basic monthly",2020-03-31,9.90,1
73,1,"basic monthly",2020-04-30,9.90,2
73,2,"pro monthly",2020-05-13,10.00,3
73,2,"pro monthly",2020-06-13,19.90,4
73,2,"pro monthly",2020-07-13,19.90,5
73,2,"pro monthly",2020-08-13,19.90,6
73,2,"pro monthly",2020-09-13,19.90,7
73,3,"pro annual",2020-10-13,199.00,8
74,1,"basic monthly",2020-05-31,9.90,1
74,1,"basic monthly",2020-06-30,9.90,2
74,1,"basic monthly",2020-07-30,9.90,3
74,1,"basic monthly",2020-08-30,9.90,4
74,1,"basic monthly",2020-09-30,9.90,5
74,3,"pro annual",2020-10-01,189.10,6
75,1,"basic monthly",2020-07-21,9.90,1
75,1,"basic monthly",2020-08-21,9.90,2
75,1,"basic monthly",2020-09-21,9.90,3
75,1,"basic monthly",2020-10-21,9.90,4
75,2,"pro monthly",2020-11-19,10.00,5
75,2,"pro monthly",2020-12-19,19.90,6
76,3,"pro annual",2020-09-07,199.00,1
77,2,"pro monthly",2020-04-25,19.90,1
77,2,"pro monthly",2020-05-25,19.90,2
77,2,"pro monthly",2020-06-25,19.90,3
77,2,"pro monthly",2020-07-25,19.90,4
77,2,"pro monthly",2020-08-25,19.90,5
77,2,"pro monthly",2020-09-25,19.90,6
77,3,"pro annual",2020-10-25,199.00,7
78,2,"pro monthly",2020-09-10,19.90,1
78,2,"pro monthly",2020-10-10,19.90,2
78,2,"pro monthly",2020-11-10,19.90,3
78,2,"pro monthly",2020-12-10,19.90,4
79,2,"pro monthly",2020-08-06,19.90,1
79,2,"pro monthly",2020-09-06,19.90,2
79,2,"pro monthly",2020-10-06,19.90,3
79,2,"pro monthly",2020-11-06,19.90,4
79,2,"pro monthly",2020-12-06,19.90,5
80,2,"pro monthly",2020-09-30,19.90,1
80,2,"pro monthly",2020-10-30,19.90,2
80,2,"pro monthly",2020-11-30,19.90,3
80,2,"pro monthly",2020-12-30,19.90,4
81,2,"pro monthly",2020-06-05,19.90,1
81,2,"pro monthly",2020-07-05,19.90,2
81,2,"pro monthly",2020-08-05,19.90,3
81,2,"pro monthly",2020-09-05,19.90,4
81,2,"pro monthly",2020-10-05,19.90,5
81,2,"pro monthly",2020-11-05,19.90,6
81,2,"pro monthly",2020-12-05,19.90,7
82,1,"basic monthly",2020-05-09,9.90,1
82,1,"basic monthly",2020-06-09,9.90,2
82,1,"basic monthly",2020-07-09,9.90,3
82,1,"basic monthly",2020-08-09,9.90,4
82,1,"basic monthly",2020-09-09,9.90,5
82,1,"basic monthly",2020-10-09,9.90,6
82,1,"basic monthly",2020-11-09,9.90,7
82,1,"basic monthly",2020-12-09,9.90,8
83,1,"basic monthly",2020-05-25,9.90,1
83,1,"basic monthly",2020-06-25,9.90,2
83,1,"basic monthly",2020-07-25,9.90,3
83,1,"basic monthly",2020-08-25,9.90,4
83,1,"basic monthly",2020-09-25,9.90,5
83,1,"basic monthly",2020-10-25,9.90,6
83,2,"pro monthly",2020-10-29,10.00,7
83,2,"pro monthly",2020-11-29,19.90,8
83,2,"pro monthly",2020-12-29,19.90,9
84,1,"basic monthly",2020-06-21,9.90,1
84,1,"basic monthly",2020-07-21,9.90,2
84,1,"basic monthly",2020-08-21,9.90,3
84,1,"basic monthly",2020-09-21,9.90,4
84,1,"basic monthly",2020-10-21,9.90,5
84,1,"basic monthly",2020-11-21,9.90,6
84,1,"basic monthly",2020-12-21,9.90,7
85,1,"basic monthly",2020-08-20,9.90,1
85,1,"basic monthly",2020-09-20,9.90,2
85,1,"basic monthly",2020-10-20,9.90,3
85,1,"basic monthly",2020-11-20,9.90,4
85,1,"basic monthly",2020-12-20,9.90,5
86,3,"pro annual",2020-07-17,199.00,1
87,2,"pro monthly",2020-08-15,19.90,1
87,3,"pro annual",2020-09-15,199.00,2
89,2,"pro monthly",2020-03-12,19.90,1
89,2,"pro monthly",2020-04-12,19.90,2
89,2,"pro monthly",2020-05-12,19.90,3
89,2,"pro monthly",2020-06-12,19.90,4
89,2,"pro monthly",2020-07-12,19.90,5
89,2,"pro monthly",2020-08-12,19.90,6
89,2,"pro monthly",2020-09-12,19.90,7
89,2,"pro monthly",2020-10-12,19.90,8
89,2,"pro monthly",2020-11-12,19.90,9
89,2,"pro monthly",2020-12-12,19.90,10
90,1,"basic monthly",2020-12-02,9.90,1
91,2,"pro monthly",2020-09-15,19.90,1
91,2,"pro monthly",2020-10-15,19.90,2
91,2,"pro monthly",2020-11-15,19.90,3
91,2,"pro monthly",2020-12-15,19.90,4
92,1,"basic monthly",2020-11-09,9.90,1
92,1,"basic monthly",2020-12-09,9.90,2
93,2,"pro monthly",2020-03-21,19.90,1
93,2,"pro monthly",2020-04-21,19.90,2
93,2,"pro monthly",2020-05-21,19.90,3
93,2,"pro monthly",2020-06-21,19.90,4
93,2,"pro monthly",2020-07-21,19.90,5
93,2,"pro monthly",2020-08-21,19.90,6
93,2,"pro monthly",2020-09-21,19.90,7
93,2,"pro monthly",2020-10-21,19.90,8
93,2,"pro monthly",2020-11-21,19.90,9
93,2,"pro monthly",2020-12-21,19.90,10
94,2,"pro monthly",2020-12-16,19.90,1
95,1,"basic monthly",2020-11-09,9.90,1
95,1,"basic monthly",2020-12-09,9.90,2
96,1,"basic monthly",2020-08-29,9.90,1
96,1,"basic monthly",2020-09-29,9.90,2
96,1,"basic monthly",2020-10-29,9.90,3
96,1,"basic monthly",2020-11-29,9.90,4
96,1,"basic monthly",2020-12-29,9.90,5
97,1,"basic monthly",2020-11-05,9.90,1
97,1,"basic monthly",2020-12-05,9.90,2
98,1,"basic monthly",2020-01-12,9.90,1
98,2,"pro monthly",2020-01-22,10.00,2
98,2,"pro monthly",2020-02-22,19.90,3
98,2,"pro monthly",2020-03-22,19.90,4
98,2,"pro monthly",2020-04-22,19.90,5
98,2,"pro monthly",2020-05-22,19.90,6
98,2,"pro monthly",2020-06-22,19.90,7
98,2,"pro monthly",2020-07-22,19.90,8
98,2,"pro monthly",2020-08-22,19.90,9
98,2,"pro monthly",2020-09-22,19.90,10
98,2,"pro monthly",2020-10-22,19.90,11
98,2,"pro monthly",2020-11-22,19.90,12
98,2,"pro monthly",2020-12-22,19.90,13
100,1,"basic monthly",2020-06-09,9.90,1
100,1,"basic monthly",2020-07-09,9.90,2
100,1,"basic monthly",2020-08-09,9.90,3
100,1,"basic monthly",2020-09-09,9.90,4
100,2,"pro monthly",2020-09-11,10.00,5
100,2,"pro monthly",2020-10-11,19.90,6
100,2,"pro monthly",2020-11-11,19.90,7
100,2,"pro monthly",2020-12-11,19.90,8
101,1,"basic monthly",2020-06-15,9.90,1
101,1,"basic monthly",2020-07-15,9.90,2
101,3,"pro annual",2020-07-20,189.10,3
102,1,"basic monthly",2020-06-09,9.90,1
102,2,"pro monthly",2020-06-18,10.00,2
102,2,"pro monthly",2020-07-18,19.90,3
102,2,"pro monthly",2020-08-18,19.90,4
102,2,"pro monthly",2020-09-18,19.90,5
102,2,"pro monthly",2020-10-18,19.90,6
102,2,"pro monthly",2020-11-18,19.90,7
102,2,"pro monthly",2020-12-18,19.90,8
103,2,"pro monthly",2020-07-31,19.90,1
103,2,"pro monthly",2020-08-31,19.90,2
103,2,"pro monthly",2020-09-30,19.90,3
103,2,"pro monthly",2020-10-30,19.90,4
103,2,"pro monthly",2020-11-30,19.90,5
103,2,"pro monthly",2020-12-30,19.90,6
104,2,"pro monthly",2020-04-05,19.90,1
104,2,"pro monthly",2020-05-05,19.90,2
104,2,"pro monthly",2020-06-05,19.90,3
104,2,"pro monthly",2020-07-05,19.90,4
104,2,"pro monthly",2020-08-05,19.90,5
104,2,"pro monthly",2020-09-05,19.90,6
104,2,"pro monthly",2020-10-05,19.90,7
104,2,"pro monthly",2020-11-05,19.90,8
104,2,"pro monthly",2020-12-05,19.90,9
105,1,"basic monthly",2020-09-27,9.90,1
105,3,"pro annual",2020-10-22,189.10,2
106,3,"pro annual",2020-08-09,199.00,1
107,1,"basic monthly",2020-01-19,9.90,1
107,1,"basic monthly",2020-02-19,9.90,2
107,1,"basic monthly",2020-03-19,9.90,3
107,2,"pro monthly",2020-03-23,10.00,4
107,2,"pro monthly",2020-04-23,19.90,5
107,2,"pro monthly",2020-05-23,19.90,6
107,2,"pro monthly",2020-06-23,19.90,7
107,2,"pro monthly",2020-07-23,19.90,8
107,2,"pro monthly",2020-08-23,19.90,9
107,2,"pro monthly",2020-09-23,19.90,10
107,2,"pro monthly",2020-10-23,19.90,11
107,2,"pro monthly",2020-11-23,19.90,12
107,2,"pro monthly",2020-12-23,19.90,13
109,1,"basic monthly",2020-10-19,9.90,1
109,1,"basic monthly",2020-11-19,9.90,2
109,1,"basic monthly",2020-12-19,9.90,3
110,2,"pro monthly",2020-05-19,19.90,1
110,2,"pro monthly",2020-06-19,19.90,2
110,2,"pro monthly",2020-07-19,19.90,3
110,2,"pro monthly",2020-08-19,19.90,4
110,2,"pro monthly",2020-09-19,19.90,5
110,2,"pro monthly",2020-10-19,19.90,6
110,2,"pro monthly",2020-11-19,19.90,7
110,2,"pro monthly",2020-12-19,19.90,8
111,3,"pro annual",2020-09-01,199.00,1
112,2,"pro monthly",2020-10-27,19.90,1
112,2,"pro monthly",2020-11-27,19.90,2
112,2,"pro monthly",2020-12-27,19.90,3
113,1,"basic monthly",2020-04-17,9.90,1
113,1,"basic monthly",2020-05-17,9.90,2
113,1,"basic monthly",2020-06-17,9.90,3
113,1,"basic monthly",2020-07-17,9.90,4
113,1,"basic monthly",2020-08-17,9.90,5
113,2,"pro monthly",2020-09-13,10.00,6
113,2,"pro monthly",2020-10-13,19.90,7
113,2,"pro monthly",2020-11-13,19.90,8
113,2,"pro monthly",2020-12-13,19.90,9
114,1,"basic monthly",2020-06-12,9.90,1
114,1,"basic monthly",2020-07-12,9.90,2
114,1,"basic monthly",2020-08-12,9.90,3
114,1,"basic monthly",2020-09-12,9.90,4
114,3,"pro annual",2020-09-13,189.10,5
115,3,"pro annual",2020-08-21,199.00,1
116,1,"basic monthly",2020-05-30,9.90,1
116,1,"basic monthly",2020-06-30,9.90,2
116,1,"basic monthly",2020-07-30,9.90,3
116,1,"basic monthly",2020-08-30,9.90,4
116,1,"basic monthly",2020-09-30,9.90,5
116,1,"basic monthly",2020-10-30,9.90,6
116,1,"basic monthly",2020-11-30,9.90,7
116,1,"basic monthly",2020-12-30,9.90,8
117,1,"basic monthly",2020-05-29,9.90,1
117,1,"basic monthly",2020-06-29,9.90,2
117,1,"basic monthly",2020-07-29,9.90,3
117,1,"basic monthly",2020-08-29,9.90,4
117,1,"basic monthly",2020-09-29,9.90,5
117,1,"basic monthly",2020-10-29,9.90,6
117,3,"pro annual",2020-11-14,189.10,7
118,1,"basic monthly",2020-01-31,9.90,1
118,1,"basic monthly",2020-02-29,9.90,2
118,1,"basic monthly",2020-03-29,9.90,3
118,1,"basic monthly",2020-04-29,9.90,4
118,1,"basic monthly",2020-05-29,9.90,5
118,1,"basic monthly",2020-06-29,9.90,6
118,1,"basic monthly",2020-07-29,9.90,7
118,1,"basic monthly",2020-08-29,9.90,8
118,1,"basic monthly",2020-09-29,9.90,9
118,1,"basic monthly",2020-10-29,9.90,10
118,1,"basic monthly",2020-11-29,9.90,11
118,1,"basic monthly",2020-12-29,9.90,12
119,1,"basic monthly",2020-11-16,9.90,1
119,1,"basic monthly",2020-12-16,9.90,2
120,2,"pro monthly",2020-05-21,19.90,1
120,2,"pro monthly",2020-06-21,19.90,2
120,2,"pro monthly",2020-07-21,19.90,3
120,2,"pro monthly",2020-08-21,19.90,4
120,3,"pro annual",2020-09-21,199.00,5
121,1,"basic monthly",2020-06-25,9.90,1
121,1,"basic monthly",2020-07-25,9.90,2
121,1,"basic monthly",2020-08-25,9.90,3
121,1,"basic monthly",2020-09-25,9.90,4
121,3,"pro annual",2020-10-07,189.10,5
123,1,"basic monthly",2020-03-19,9.90,1
123,1,"basic monthly",2020-04-19,9.90,2
123,1,"basic monthly",2020-05-19,9.90,3
123,1,"basic monthly",2020-06-19,9.90,4
123,1,"basic monthly",2020-07-19,9.90,5
123,1,"basic monthly",2020-08-19,9.90,6
123,1,"basic monthly",2020-09-19,9.90,7
123,1,"basic monthly",2020-10-19,9.90,8
123,1,"basic monthly",2020-11-19,9.90,9
123,1,"basic monthly",2020-12-19,9.90,10
124,1,"basic monthly",2020-03-24,9.90,1
124,1,"basic monthly",2020-04-24,9.90,2
124,1,"basic monthly",2020-05-24,9.90,3
124,3,"pro annual",2020-06-20,189.10,4
125,1,"basic monthly",2020-08-14,9.90,1
125,1,"basic monthly",2020-09-14,9.90,2
125,1,"basic monthly",2020-10-14,9.90,3
125,1,"basic monthly",2020-11-14,9.90,4
125,1,"basic monthly",2020-12-14,9.90,5
126,1,"basic monthly",2020-09-22,9.90,1
126,1,"basic monthly",2020-10-22,9.90,2
126,1,"basic monthly",2020-11-22,9.90,3
126,1,"basic monthly",2020-12-22,9.90,4
127,2,"pro monthly",2020-05-30,19.90,1
127,2,"pro monthly",2020-06-30,19.90,2
127,2,"pro monthly",2020-07-30,19.90,3
127,2,"pro monthly",2020-08-30,19.90,4
127,2,"pro monthly",2020-09-30,19.90,5
127,2,"pro monthly",2020-10-30,19.90,6
127,2,"pro monthly",2020-11-30,19.90,7
127,2,"pro monthly",2020-12-30,19.90,8
129,1,"basic monthly",2020-07-30,9.90,1
129,1,"basic monthly",2020-08-30,9.90,2
129,1,"basic monthly",2020-09-30,9.90,3
129,1,"basic monthly",2020-10-30,9.90,4
129,1,"basic monthly",2020-11-30,9.90,5
129,1,"basic monthly",2020-12-30,9.90,6
130,2,"pro monthly",2020-09-29,19.90,1
130,2,"pro monthly",2020-10-29,19.90,2
130,2,"pro monthly",2020-11-29,19.90,3
130,2,"pro monthly",2020-12-29,19.90,4
131,3,"pro annual",2020-10-23,199.00,1
132,1,"basic monthly",2020-10-25,9.90,1
132,1,"basic monthly",2020-11-25,9.90,2
132,1,"basic monthly",2020-12-25,9.90,3
133,1,"basic monthly",2020-04-05,9.90,1
133,1,"basic monthly",2020-05-05,9.90,2
133,1,"basic monthly",2020-06-05,9.90,3
133,1,"basic monthly",2020-07-05,9.90,4
133,3,"pro annual",2020-07-11,189.10,5
134,2,"pro monthly",2020-07-09,19.90,1
134,2,"pro monthly",2020-08-09,19.90,2
134,2,"pro monthly",2020-09-09,19.90,3
134,2,"pro monthly",2020-10-09,19.90,4
134,2,"pro monthly",2020-11-09,19.90,5
134,2,"pro monthly",2020-12-09,19.90,6
137,2,"pro monthly",2020-08-19,19.90,1
137,2,"pro monthly",2020-09-19,19.90,2
137,2,"pro monthly",2020-10-19,19.90,3
137,2,"pro monthly",2020-11-19,19.90,4
137,2,"pro monthly",2020-12-19,19.90,5
138,1,"basic monthly",2020-11-02,9.90,1
138,1,"basic monthly",2020-12-02,9.90,2
138,2,"pro monthly",2020-12-25,10.00,3
139,2,"pro monthly",2020-07-24,19.90,1
139,2,"pro monthly",2020-08-24,19.90,2
139,2,"pro monthly",2020-09-24,19.90,3
139,2,"pro monthly",2020-10-24,19.90,4
139,2,"pro monthly",2020-11-24,19.90,5
139,2,"pro monthly",2020-12-24,19.90,6
141,1,"basic monthly",2020-04-26,9.90,1
141,1,"basic monthly",2020-05-26,9.90,2
141,1,"basic monthly",2020-06-26,9.90,3
141,1,"basic monthly",2020-07-26,9.90,4
141,1,"basic monthly",2020-08-26,9.90,5
141,1,"basic monthly",2020-09-26,9.90,6
141,3,"pro annual",2020-10-18,189.10,7
142,2,"pro monthly",2020-06-06,19.90,1
142,2,"pro monthly",2020-07-06,19.90,2
142,2,"pro monthly",2020-08-06,19.90,3
142,2,"pro monthly",2020-09-06,19.90,4
142,2,"pro monthly",2020-10-06,19.90,5
142,2,"pro monthly",2020-11-06,19.90,6
142,2,"pro monthly",2020-12-06,19.90,7
143,1,"basic monthly",2020-12-27,9.90,1
144,1,"basic monthly",2020-09-11,9.90,1
144,1,"basic monthly",2020-10-11,9.90,2
144,1,"basic monthly",2020-11-11,9.90,3
144,1,"basic monthly",2020-12-11,9.90,4
145,2,"pro monthly",2020-01-24,19.90,1
145,2,"pro monthly",2020-02-24,19.90,2
145,2,"pro monthly",2020-03-24,19.90,3
145,2,"pro monthly",2020-04-24,19.90,4
145,2,"pro monthly",2020-05-24,19.90,5
145,2,"pro monthly",2020-06-24,19.90,6
145,2,"pro monthly",2020-07-24,19.90,7
145,2,"pro monthly",2020-08-24,19.90,8
145,2,"pro monthly",2020-09-24,19.90,9
145,2,"pro monthly",2020-10-24,19.90,10
145,2,"pro monthly",2020-11-24,19.90,11
145,2,"pro monthly",2020-12-24,19.90,12
146,1,"basic monthly",2020-07-12,9.90,1
146,1,"basic monthly",2020-08-12,9.90,2
146,1,"basic monthly",2020-09-12,9.90,3
146,1,"basic monthly",2020-10-12,9.90,4
146,2,"pro monthly",2020-10-28,10.00,5
146,2,"pro monthly",2020-11-28,19.90,6
146,2,"pro monthly",2020-12-28,19.90,7
147,2,"pro monthly",2020-12-25,19.90,1
148,2,"pro monthly",2020-03-19,19.90,1
148,2,"pro monthly",2020-04-19,19.90,2
148,2,"pro monthly",2020-05-19,19.90,3
148,2,"pro monthly",2020-06-19,19.90,4
148,2,"pro monthly",2020-07-19,19.90,5
148,2,"pro monthly",2020-08-19,19.90,6
148,2,"pro monthly",2020-09-19,19.90,7
148,2,"pro monthly",2020-10-19,19.90,8
148,2,"pro monthly",2020-11-19,19.90,9
148,2,"pro monthly",2020-12-19,19.90,10
149,1,"basic monthly",2020-12-26,9.90,1
150,2,"pro monthly",2020-02-12,19.90,1
150,2,"pro monthly",2020-03-12,19.90,2
150,2,"pro monthly",2020-04-12,19.90,3
150,2,"pro monthly",2020-05-12,19.90,4
150,2,"pro monthly",2020-06-12,19.90,5
150,2,"pro monthly",2020-07-12,19.90,6
150,2,"pro monthly",2020-08-12,19.90,7
150,2,"pro monthly",2020-09-12,19.90,8
150,2,"pro monthly",2020-10-12,19.90,9
150,2,"pro monthly",2020-11-12,19.90,10
150,2,"pro monthly",2020-12-12,19.90,11
151,1,"basic monthly",2020-09-14,9.90,1
151,2,"pro monthly",2020-09-17,10.00,2
151,2,"pro monthly",2020-10-17,19.90,3
151,2,"pro monthly",2020-11-17,19.90,4
151,2,"pro monthly",2020-12-17,19.90,5
152,1,"basic monthly",2020-10-21,9.90,1
152,1,"basic monthly",2020-11-21,9.90,2
152,1,"basic monthly",2020-12-21,9.90,3
153,2,"pro monthly",2020-12-05,19.90,1
154,1,"basic monthly",2020-03-25,9.90,1
154,1,"basic monthly",2020-04-25,9.90,2
154,2,"pro monthly",2020-05-01,10.00,3
154,2,"pro monthly",2020-06-01,19.90,4
154,2,"pro monthly",2020-07-01,19.90,5
154,2,"pro monthly",2020-08-01,19.90,6
154,2,"pro monthly",2020-09-01,19.90,7
154,2,"pro monthly",2020-10-01,19.90,8
154,2,"pro monthly",2020-11-01,19.90,9
154,2,"pro monthly",2020-12-01,19.90,10
157,1,"basic monthly",2020-04-30,9.90,1
157,3,"pro annual",2020-05-11,189.10,2
158,1,"basic monthly",2020-03-09,9.90,1
158,1,"basic monthly",2020-04-09,9.90,2
158,2,"pro monthly",2020-05-09,10.00,3
158,2,"pro monthly",2020-06-09,19.90,4
158,2,"pro monthly",2020-07-09,19.90,5
158,2,"pro monthly",2020-08-09,19.90,6
158,2,"pro monthly",2020-09-09,19.90,7
158,2,"pro monthly",2020-10-09,19.90,8
158,2,"pro monthly",2020-11-09,19.90,9
158,2,"pro monthly",2020-12-09,19.90,10
159,2,"pro monthly",2020-09-16,19.90,1
159,2,"pro monthly",2020-10-16,19.90,2
159,2,"pro monthly",2020-11-16,19.90,3
159,2,"pro monthly",2020-12-16,19.90,4
160,1,"basic monthly",2020-11-23,9.90,1
160,1,"basic monthly",2020-12-23,9.90,2
163,2,"pro monthly",2020-12-30,19.90,1
164,2,"pro monthly",2020-12-04,19.90,1
165,1,"basic monthly",2020-10-12,9.90,1
165,3,"pro annual",2020-11-08,189.10,2
166,1,"basic monthly",2020-07-10,9.90,1
166,1,"basic monthly",2020-08-10,9.90,2
166,1,"basic monthly",2020-09-10,9.90,3
166,1,"basic monthly",2020-10-10,9.90,4
166,1,"basic monthly",2020-11-10,9.90,5
166,1,"basic monthly",2020-12-10,9.90,6
167,2,"pro monthly",2020-05-14,19.90,1
167,2,"pro monthly",2020-06-14,19.90,2
167,2,"pro monthly",2020-07-14,19.90,3
167,2,"pro monthly",2020-08-14,19.90,4
167,2,"pro monthly",2020-09-14,19.90,5
167,2,"pro monthly",2020-10-14,19.90,6
167,2,"pro monthly",2020-11-14,19.90,7
167,2,"pro monthly",2020-12-14,19.90,8
168,2,"pro monthly",2020-03-14,19.90,1
168,2,"pro monthly",2020-04-14,19.90,2
168,2,"pro monthly",2020-05-14,19.90,3
168,2,"pro monthly",2020-06-14,19.90,4
168,2,"pro monthly",2020-07-14,19.90,5
168,2,"pro monthly",2020-08-14,19.90,6
168,2,"pro monthly",2020-09-14,19.90,7
168,2,"pro monthly",2020-10-14,19.90,8
168,2,"pro monthly",2020-11-14,19.90,9
168,2,"pro monthly",2020-12-14,19.90,10
170,1,"basic monthly",2020-04-25,9.90,1
170,1,"basic monthly",2020-05-25,9.90,2
170,1,"basic monthly",2020-06-25,9.90,3
170,1,"basic monthly",2020-07-25,9.90,4
170,1,"basic monthly",2020-08-25,9.90,5
170,2,"pro monthly",2020-08-28,10.00,6
170,2,"pro monthly",2020-09-28,19.90,7
170,2,"pro monthly",2020-10-28,19.90,8
170,2,"pro monthly",2020-11-28,19.90,9
170,3,"pro annual",2020-12-28,199.00,10
171,2,"pro monthly",2020-12-05,19.90,1
172,1,"basic monthly",2020-12-12,9.90,1
173,2,"pro monthly",2020-07-01,19.90,1
173,2,"pro monthly",2020-08-01,19.90,2
173,2,"pro monthly",2020-09-01,19.90,3
173,2,"pro monthly",2020-10-01,19.90,4
173,2,"pro monthly",2020-11-01,19.90,5
173,2,"pro monthly",2020-12-01,19.90,6
174,1,"basic monthly",2020-02-08,9.90,1
174,1,"basic monthly",2020-03-08,9.90,2
174,1,"basic monthly",2020-04-08,9.90,3
174,1,"basic monthly",2020-05-08,9.90,4
174,1,"basic monthly",2020-06-08,9.90,5
174,1,"basic monthly",2020-07-08,9.90,6
174,3,"pro annual",2020-07-10,189.10,7
175,2,"pro monthly",2020-08-22,19.90,1
175,2,"pro monthly",2020-09-22,19.90,2
175,2,"pro monthly",2020-10-22,19.90,3
175,2,"pro monthly",2020-11-22,19.90,4
175,2,"pro monthly",2020-12-22,19.90,5
176,1,"basic monthly",2020-09-20,9.90,1
176,1,"basic monthly",2020-10-20,9.90,2
176,1,"basic monthly",2020-11-20,9.90,3
176,1,"basic monthly",2020-12-20,9.90,4
177,2,"pro monthly",2020-05-08,19.90,1
177,2,"pro monthly",2020-06-08,19.90,2
177,2,"pro monthly",2020-07-08,19.90,3
177,2,"pro monthly",2020-08-08,19.90,4
177,2,"pro monthly",2020-09-08,19.90,5
177,2,"pro monthly",2020-10-08,19.90,6
177,2,"pro monthly",2020-11-08,19.90,7
177,2,"pro monthly",2020-12-08,19.90,8
179,2,"pro monthly",2020-06-20,19.90,1
179,2,"pro monthly",2020-07-20,19.90,2
179,2,"pro monthly",2020-08-20,19.90,3
179,2,"pro monthly",2020-09-20,19.90,4
179,2,"pro monthly",2020-10-20,19.90,5
179,2,"pro monthly",2020-11-20,19.90,6
179,2,"pro monthly",2020-12-20,19.90,7
180,1,"basic monthly",2020-11-07,9.90,1
180,1,"basic monthly",2020-12-07,9.90,2
181,2,"pro monthly",2020-02-18,19.90,1
181,2,"pro monthly",2020-03-18,19.90,2
181,2,"pro monthly",2020-04-18,19.90,3
181,2,"pro monthly",2020-05-18,19.90,4
181,2,"pro monthly",2020-06-18,19.90,5
181,2,"pro monthly",2020-07-18,19.90,6
181,2,"pro monthly",2020-08-18,19.90,7
181,2,"pro monthly",2020-09-18,19.90,8
181,2,"pro monthly",2020-10-18,19.90,9
181,2,"pro monthly",2020-11-18,19.90,10
181,2,"pro monthly",2020-12-18,19.90,11
182,1,"basic monthly",2020-10-03,9.90,1
182,1,"basic monthly",2020-11-03,9.90,2
182,1,"basic monthly",2020-12-03,9.90,3
183,2,"pro monthly",2020-10-02,19.90,1
183,2,"pro monthly",2020-11-02,19.90,2
183,2,"pro monthly",2020-12-02,19.90,3
184,1,"basic monthly",2020-02-23,9.90,1
184,1,"basic monthly",2020-03-23,9.90,2
184,1,"basic monthly",2020-04-23,9.90,3
184,1,"basic monthly",2020-05-23,9.90,4
184,1,"basic monthly",2020-06-23,9.90,5
184,1,"basic monthly",2020-07-23,9.90,6
184,1,"basic monthly",2020-08-23,9.90,7
184,1,"basic monthly",2020-09-23,9.90,8
184,1,"basic monthly",2020-10-23,9.90,9
184,1,"basic monthly",2020-11-23,9.90,10
184,1,"basic monthly",2020-12-23,9.90,11
185,2,"pro monthly",2020-12-10,19.90,1
186,2,"pro monthly",2020-10-07,19.90,1
186,2,"pro monthly",2020-11-07,19.90,2
186,2,"pro monthly",2020-12-07,19.90,3
187,3,"pro annual",2020-09-26,199.00,1
188,1,"basic monthly",2020-02-29,9.90,1
188,1,"basic monthly",2020-03-29,9.90,2
188,1,"basic monthly",2020-04-29,9.90,3
188,1,"basic monthly",2020-05-29,9.90,4
188,1,"basic monthly",2020-06-29,9.90,5
188,1,"basic monthly",2020-07-29,9.90,6
188,1,"basic monthly",2020-08-29,9.90,7
188,1,"basic monthly",2020-09-29,9.90,8
188,1,"basic monthly",2020-10-29,9.90,9
188,1,"basic monthly",2020-11-29,9.90,10
188,1,"basic monthly",2020-12-29,9.90,11
189,2,"pro monthly",2020-12-16,19.90,1
190,1,"basic monthly",2020-04-27,9.90,1
190,1,"basic monthly",2020-05-27,9.90,2
190,1,"basic monthly",2020-06-27,9.90,3
190,1,"basic monthly",2020-07-27,9.90,4
190,1,"basic monthly",2020-08-27,9.90,5
190,3,"pro annual",2020-09-04,189.10,6
191,2,"pro monthly",2020-01-09,19.90,1
191,2,"pro monthly",2020-02-09,19.90,2
191,2,"pro monthly",2020-03-09,19.90,3
191,2,"pro monthly",2020-04-09,19.90,4
191,2,"pro monthly",2020-05-09,19.90,5
191,2,"pro monthly",2020-06-09,19.90,6
191,2,"pro monthly",2020-07-09,19.90,7
191,2,"pro monthly",2020-08-09,19.90,8
191,2,"pro monthly",2020-09-09,19.90,9
191,2,"pro monthly",2020-10-09,19.90,10
191,2,"pro monthly",2020-11-09,19.90,11
191,2,"pro monthly",2020-12-09,19.90,12
192,1,"basic monthly",2020-08-05,9.90,1
192,1,"basic monthly",2020-09-05,9.90,2
192,1,"basic monthly",2020-10-05,9.90,3
192,1,"basic monthly",2020-11-05,9.90,4
192,1,"basic monthly",2020-12-05,9.90,5
193,1,"basic monthly",2020-05-26,9.90,1
193,1,"basic monthly",2020-06-26,9.90,2
193,1,"basic monthly",2020-07-26,9.90,3
193,1,"basic monthly",2020-08-26,9.90,4
193,2,"pro monthly",2020-09-21,10.00,5
193,3,"pro annual",2020-10-21,199.00,6
194,2,"pro monthly",2020-11-27,19.90,1
194,2,"pro monthly",2020-12-27,19.90,2
195,2,"pro monthly",2020-02-15,19.90,1
195,2,"pro monthly",2020-03-15,19.90,2
195,2,"pro monthly",2020-04-15,19.90,3
195,2,"pro monthly",2020-05-15,19.90,4
195,3,"pro annual",2020-06-15,199.00,5
196,2,"pro monthly",2020-03-16,19.90,1
196,2,"pro monthly",2020-04-16,19.90,2
196,2,"pro monthly",2020-05-16,19.90,3
196,2,"pro monthly",2020-06-16,19.90,4
196,2,"pro monthly",2020-07-16,19.90,5
196,2,"pro monthly",2020-08-16,19.90,6
196,2,"pro monthly",2020-09-16,19.90,7
196,2,"pro monthly",2020-10-16,19.90,8
196,2,"pro monthly",2020-11-16,19.90,9
196,2,"pro monthly",2020-12-16,19.90,10
197,2,"pro monthly",2020-05-24,19.90,1
197,2,"pro monthly",2020-06-24,19.90,2
197,2,"pro monthly",2020-07-24,19.90,3
197,2,"pro monthly",2020-08-24,19.90,4
197,2,"pro monthly",2020-09-24,19.90,5
197,2,"pro monthly",2020-10-24,19.90,6
197,2,"pro monthly",2020-11-24,19.90,7
197,2,"pro monthly",2020-12-24,19.90,8
198,1,"basic monthly",2020-11-18,9.90,1
